{"abrasion":"Abrasion.","age-play-not-pedophilia":"Age Play (not pedophilia)","airtight":"Airtight","anal":"Anal","anal-play":"Anal Play","anal-plugs":"Anal Plugs","anal-sex":"Anal Sex","animal-roleplay":"Animal Roleplay","armpits":"Armpits","asphyxiation":"Asphyxiation","auctioned-for-charity":"Auctioned for Charity","bdsm":"BDSM","ball-busting":"Ball Busting","ball-gag":"Ball Gag","ball-stretching":"Ball Stretching","beating":"Beating","bedroom-submissive":"Bedroom Submissive","bit-gag":"Bit Gag","blindfolds":"Blindfolds","blood-play":"Blood Play","blowjobs":"Blowjobs","body-modification":"Body Modification","bondage":"Bondage","boot-worship":"Boot Worship","branding":"Branding","breast-bondage":"Breast Bondage","breast-fucking":"Breast Fucking","breast-whipping":"Breast Whipping","breath-control":"Breath Control","bukkake":"Bukkake","bullwhip":"Bullwhip","butler":"Butler","cbt":"CBT","cfnf":"CFNF","cfnm":"CFNM","cmnf":"CMNF","cmnm":"CMNM","cnc":"CNC","cages":"Cages","caning":"Caning","cat-of-9-tails":"Cat of 9 Tails","cat-o-nine":"Cat-o-Nine","catheters":"Catheters","chains":"Chains","chastity":"Chastity","chastity-devices":"Chastity Devices","chauffeuring":"Chauffeuring","chores":"Chores","clamps":"Clamps","clothespins":"Clothespins","cock-slapping":"Cock Slapping","cock-worship":"Cock Worship","collars":"Collars","commands":"Commands","consensual-non-consent":"Consensual Non-Consent","contracts":"Contracts","corner-time":"Corner Time","corporal-punishment":"Corporal Punishment","corsets":"Corsets","crops":"Crops","crossdressing":"Crossdressing","cuckold":"Cuckold","cuffs":"Cuffs","cunnilingus":"Cunnilingus","cutting":"Cutting","dap":"DAP","dp":"DP","dvp":"DVP","ddlg":"Ddlg","depilation":"Depilation","deprivation":"Deprivation","diapers":"Diapers","dilation":"Dilation","dildos":"Dildos","dom":"Dom","domestic-service":"Domestic Service","dominance":"Dominance","domme":"Domme","double-penetration":"Double Penetration","edge-play":"Edge Play","electrical-play":"Electrical Play","electricity":"Electricity","enemas":"Enemas","erotic-dancing":"Erotic Dancing","examinations":"Examinations","exercise":"Exercise","exhibitionism":"Exhibitionism","eye-contact-restrictions":"Eye Contact Restrictions","face-slapping":"Face Slapping","fantasy-gang-rape":"Fantasy Gang Rape","fantasy-rape-play":"Fantasy Rape Play","fellatio":"Fellatio","finger-claws":"Finger Claws","fire-play":"Fire Play","fisting":"Fisting","floggers":"Floggers","flogging":"Flogging","foot-worship":"Foot Worship","forced-bisexuality":"Forced Bisexuality","forced-crossdressing":"Forced Crossdressing","forced-feminization":"Forced Feminization","forced-homosexuality":"Forced Homosexuality","forced-milking":"Forced Milking","forced-nudity":"Forced Nudity","forced-servitude":"Forced Servitude","furries":"Furries","furry":"Furry","gagging":"Gagging","gags":"Gags","gangbang":"Gangbang","gates-of-hell":"Gates of Hell","golden-showers":"Golden Showers","gor-slave-training":"Gor Slave Training","group-play":"Group Play","hair-pulling":"Hair Pulling","hairbrush-spanking":"Hairbrush Spanking","harems":"Harems","harnessing":"Harnessing","high-heels":"High Heels","hoods":"Hoods","hot-wax":"Hot Wax","hotwife":"Hotwife","hucow":"Hucow","human-kitten":"Human Kitten","human-pet":"Human Pet","human-puppy":"Human Puppy","humiliation":"Humiliation","hypnotism":"Hypnotism","ice-cubes":"Ice Cubes","impact-play":"Impact Play","infantilism":"Infantilism","inflatable-gag":"Inflatable Gag","initiation-rites":"Initiation Rites","injections":"Injections","kidnapping":"Kidnapping","kitten-play":"Kitten Play","kneeling":"Kneeling","knife-play":"Knife Play","latex":"Latex","leather-harness":"Leather Harness","leather-restraints":"Leather Restraints","lingerie":"Lingerie","maid":"Maid","manacles-amp-irons":"Manacles &amp; Irons","mantra":"Mantra","mascot":"Mascot","masochist":"Masochist","massage":"Massage","master":"Master","masturbation":"Masturbation","medical-play":"Medical Play","meditation":"Meditation","milking":"Milking","modeling":"Modeling","mummification":"Mummification","nipple-clamps":"Nipple Clamps","nipple-piercing":"Nipple Piercing","nipple-play":"Nipple Play","otk":"OTK","objectification":"Objectification","orgasm-control":"Orgasm Control","orgasm-denial":"Orgasm Denial","orgy":"Orgy","outdoor":"Outdoor","over-the-knee":"Over the Knee","owner":"Owner","pain":"Pain","pearl-necklace":"Pearl Necklace","pearl-shower":"Pearl Shower","pedicures":"Pedicures","phallic-gag":"Phallic Gag","phone-sex":"Phone Sex","piercing":"Piercing","pony-play":"Pony Play","prison-scenes":"Prison Scenes","property":"Property","prostitution-fantasy":"Prostitution Fantasy","punishment":"Punishment","puppy-play":"Puppy Play","pussy-whipping":"Pussy Whipping","pussy-worship":"Pussy Worship","riding-crops":"Riding Crops","riding-the-horse":"Riding the Horse","rimjobs":"Rimjobs","rimming":"Rimming","roleplaying":"Roleplaying","rope-bondage":"Rope Bondage","rope-harness":"Rope Harness","rubber":"Rubber","sadist":"Sadist","scarification":"Scarification","scat":"Scat","scent":"Scent","scratching":"Scratching","sensory-deprivation":"Sensory Deprivation","sensual-submissive":"Sensual Submissive","shaving":"Shaving","shibari":"Shibari","shoe-fetish":"Shoe Fetish","shoe-worship":"Shoe Worship","single-tail":"Single Tail ","slapping":"Slapping","slave":"Slave","slave-hood":"Slave Hood","sounding":"Sounding","spandex":"Spandex","spanking":"Spanking","speculums":"Speculums","speech-restrictions":"Speech Restrictions","spit-roast":"Spit Roast","spreader-bars":"Spreader Bars","st-andrew39s-cross":"St Andrew&#39;s Cross","stag":"Stag","stocks":"Stocks","straight-jackets":"Straight Jackets","strap-ons":"Strap-ons","strapping":"Strapping","sub":"Sub","submissive":"Submissive","suction-cups":"Suction Cups","suspension":"Suspension","swapping":"Swapping","swinging":"Swinging","switch":"Switch","tpe":"TPE ","tattooing":"Tattooing","teasing":"Teasing","tit-fucking":"Tit Fucking","tongue-worship":"Tongue Worship","total-power-exchange":"Total Power Exchange","triple-penetration":"Triple Penetration","underarms":"Underarms","uniforms":"Uniforms","verbal-humiliation":"Verbal Humiliation","vibrators":"Vibrators","violet-wand":"Violet Wand","vixen":"Vixen","voyeur":"Voyeur","voyeurism":"Voyeurism","wartenberg-wheel":"Wartenberg Wheel","watersports":"Watersports","whipping":"Whipping","wooden-horse":"Wooden Horse","wrestling":"Wrestling"}